rank,address,etherscan_tag,protocol,category,location
1,0xf977814e90da44bfa03b6295a0616a897441acec,Binance 8,Binance,cex,cefi
2,0xbe0eb53f46cd790cd13851d5eff43d12404d33e8,Binance 7,Binance,cex,cefi
3,0x28c6c06298d514db089934071355e5743bf21d60,Binance 14,Binance,cex,cefi
4,0x34ea4138580435b5a521e460035edb19df1938c1,Binance US 2,Binance,cex,cefi
5,0x4976a4a02f38326660d17bf34b431dc6e2eb2327,Binance 20,Binance,cex,cefi
6,0x56eddb7aa87536c09ccc2793473599fd21a8b17f,Binance 17,Binance,cex,cefi
7,0xdfd5293d8e347dfe59e90efd55b2956a1343963d,Binance 16,Binance,cex,cefi
8,0x9696f59e4d72e237be84ffd425dcad154bf96976,Binance 18,Binance,cex,cefi
9,0x06a0048079ec6571cd1b537418869cde6191d42d,Binance 29,Binance,cex,cefi
10,0x21a31ee1afc51d94c2efccaa2092ad1028285549,Binance 15,Binance,cex,cefi
11,0xf60c2ea62edbfe808163751dd0d8693dcb30019c,Binance US 3,Binance,cex,cefi
12,0xda9dfa130df4de4673b89022ee50ff26f6ea73cf,Kraken 13,Kraken,cex,cefi
13,0x267be1c1d684f78cb4f6a176c4911b741e4ffdc0,Kraken 4,Kraken,cex,cefi
14,0x2910543af39aba0cd09dbb2d50200b3e800a63d2,Kraken,Kraken,cex,cefi
15,0xb5d85cbf7cb3ee0d56b3bb207d5fc4b82f43f511,Coinbase 5,Coinbase,cex,cefi
16,0x3cd751e6b0078be393132286c442345e5dc49699,Coinbase 4,Coinbase,cex,cefi
17,0xddfabcdc4d8ffc6d5beaf154f18b778f892a0740,Coinbase 3,Coinbase,cex,cefi
18,0xeb2629a2734e272bcc07bda959863f316f4bd4cf,Coinbase 6,Coinbase,cex,cefi
19,0x503828976d22510aad0201ac7ec88293211d23da,Coinbase 2,Coinbase,cex,cefi
20,0x71660c4005ba85c37ccec55d0c4493e66fe775d3,Coinbase 1,Coinbase,cex,cefi
21,0xd6216fc19db775df9774a6e33526131da7d19a2c,KuCoin 6,KuCoin,cex,cefi
22,0xd89350284c7732163765b23338f2ff27449e0bf5,KuCoin 13,KuCoin,cex,cefi
23,0xcad621da75a66c7a8f4ff86d30a2bf981bfc8fdd,KuCoin 10,KuCoin,cex,cefi
24,0x1692e170361cefd1eb7240ec13d048fd9af6d667,KuCoin 5,KuCoin,cex,cefi
25,0xa7efae728d2936e78bda97dc267687568dd593f3,OKEx 3,OKEx,cex,cefi
26,0x98ec059dc3adfbdd63429454aeb0c990fba4a128,OKEx 6,OKEx,cex,cefi
27,0x2c8fbb630289363ac80705a1a61273f76fd5a161,OKEx 4,OKEx,cex,cefi
28,0x6cc5f688a315f3dc28a7781717a9a798a59fda7b,OKEx,OKEx,cex,cefi
29,0x61edcdf5bb737adffe5043706e7c5bb1f1a56eea,Gemini 3,Gemini,cex,cefi
30,0xd69b0089d9ca950640f5dc9931a41a5965f00303,Gemini 7,Gemini,cex,cefi
31,0xd24400ae8bfebb18ca49be86258a3c749cf46853,Gemini,Gemini,cex,cefi
32,0x742d35cc6634c0532925a3b844bc454e4438f44e,Bitfinex 2,Bitfinex,cex,cefi
33,0x59448fe20378357f206880c58068f095ae63d5a5,Bitfinex 9,Bitfinex,cex,cefi
34,0x36a85757645e8e8aec062a1dee289c7d615901ca,Bitfinex 10,Bitfinex,cex,cefi
35,0x1b8766d041567eed306940c587e21c06ab968663,Bitfinex 14,Bitfinex,cex,cefi
36,0x5a710a3cdf2af218740384c52a10852d8870626a,Bitfinex 15,Bitfinex,cex,cefi
37,0x4fdd5eb2fb260149a3903859043e962ab89d8ed4,Bitfinex 5,Bitfinex,cex,cefi
38,0xc61b9bb3a7a0767e3179713f3a5c7a9aedce193c,Bitfinex: MultiSig 3,Bitfinex,cex,cefi
39,0x28140cb1ac771d4add91ee23788e50249c10263d,Bitfinex 16,Bitfinex,cex,cefi
40,0xc56fefd1028b0534bfadcdb580d3519b5586246e,Bitfinex 11,Bitfinex,cex,cefi
41,0x876eabf441b2ee5b5b0554fd502a8e0600950cfa,Bitfinex 3,Bitfinex,cex,cefi
42,0x0b73f67a49273fc4b9a65dbd25d7d0918e734e63,Bitfinex 12,Bitfinex,cex,cefi
43,0x3f7e77b627676763997344a1ad71acb765fc8ac5,Bitfinex 8,Bitfinex,cex,cefi
44,0x53b36141490c419fa27ecabfeb8be1ecadc82431,Bitfinex 17,Bitfinex,cex,cefi
45,0x0cd76cd43992c665fdc2d8ac91b935ca3165e782,Bitfinex 18,Bitfinex,cex,cefi
46,0x0a98fb70939162725ae66e626fe4b52cff62c2e5,Huobi 36,Huobi,cex,cefi
47,0x28ffe35688ffffd0659aee2e34778b0ae4e193ad,Huobi 33,Huobi,cex,cefi
48,0xcac725bef4f114f728cbcfd744a731c2a463c3fc,Huobi 34,Huobi,cex,cefi
49,0xb4cd0386d2db86f30c1a11c2b8c4f4185c1dade9,Huobi 31,Huobi,cex,cefi
50,0x558553d54183a8542f7832742e7b4ba9c33aa1e6,Bithumb 12,Bithumb,cex,cefi
51,0xfbb1b73c4f0bda4f67dca266ce6ef42f520fbb98,Bittrex,Bittrex,cex,cefi
52,0x2faf487a4414fe77e2327f0bf4ae2a264a776ad2,FTX Exchange,FTX,cex,cefi
53,0xc098b2a3aa256d2140208c3de6543aaef5cd3a94,FTX Exchange 2,FTX,cex,cefi
54,0x3e40d73eb977dc6a537af587d48316fee66e9c8c,Lido: Treasury,Lido,treasury,free
55,0x1522900b6dafac587d499a862861c0869be6e428,Bitstamp 2,Bitstamp,cex,cefi
56,0xa910f92acdaf488fa6ef02174fb86208ad7722ba,Poloniex 4,Poloniex,cex,cefi
57,0x46340b20830761efd32832a74d7169b29feb9758,Crypto.com 2,Crypto.com,cex,cefi
58,0xeea81c4416d71cef071224611359f6f99a4c4294,BitMEX 1,BitMEX,cex,cefi
59,0xfb8131c260749c7835a08ccbdb64728de432858e,BitMEX 2,BitMEX,cex,cefi
60,0x000000000000000000000000000000000000dead,Null Address: 0x00...dEaD,Null Address: 0x00...dEaD,burn address,burnt
61,0xA0b86991c6218b36c1d19D4a2e9Eb0cE3606eB48,Circle,Circle,cefi,cefi
62,0x0000000000000000000000000000000000000000,Null Address: 0x000…000,Null Address: 0x000…000,burn address,burnt
63,0x78605df79524164911c144801f41e9811b7db73d,BitDAO: Treasury,BitDAO,treasury,free
64,0x9bdb521a97e95177bf252c253e256a60c3e14447,Nexo: Corporate Treasury,Nexo,cefi,cefi
65,0x6dd5a9f47cfbc44c04a0a4452f0ba792ebfbcc9a,Santiment: Wallet 2,Santiment,misc,free
66,0x4f6742badb049791cd9a37ea913f2bac38d01279,Celsius Network: Wallet 5,Celsius Network,cefi,cefi
67,0xd1669ac6044269b59fa12c5822439f609ca54f41,CoinList 1,CoinList,misc,cefi
68,0xc9f5296eb3ac266c94568d790b6e91eba7d76a11,CEX.IO,CEX.IO,cex,cefi
69,0xc9f5296eb3ac266c94568d790b6e91eba7d76a11,CEX.IO,CEX.IO,cex,cefi
70,0x4b1a99467a284cc690e3237bc69105956816f762,AscendEX 2,AscendEX,cex,cefi
71,0x562680a4dc50ed2f14d75bf31f494cfe0b8d10a1,Hotbit 3,Hotbit,cex,cefi
72,0x500a746c9a44f68fe6aa86a92e7b3af4f322ae66,Voyager 1,Voyager,cefi,cefi
73,0xde21f729137c5af1b01d73af1dc21effa2b8a0d6,Gitcoin: MultiSig,Gitcoin: MultiSig,misc,free
74,0x2a549b4af9ec39b03142da6dc32221fc390b5533,BlockFi 3,BlockFi,cefi,cefi
75,0x3ddfa8ec3052539b6c9549f12cea2c295cff5296,Justin Sun,Justin Sun,whale,free
76,0xAe2D4617c862309A3d75A0fFB358c7a5009c673F,Kraken 10,Kraken,cex,cefi
77,0xA9D1e08C7793af67e9d92fe308d5697FB81d3E43,Coinbase 10,Coinbase,cex,cefi
78,0x8D6F396D210d385033b348bCae9e4f9Ea4e045bD,Gemini 6,Gemini,cex,cefi
79,0x5041ed759Dd4aFc3a72b8192C143F72f4724081A,OKEx 7,OKEx,cex,cefi
80,0x6262998ced04146fa42253a5c0af90ca02dfd2a3,Crypto.com,Crypto.com,cex,cefi
81,0xf16e9b0d03470827a95cdfd0cb8a8a3b46969b91,KuCoin 9,KuCoin,cex,cefi
82,0x5c985e89dde482efe97ea9f1950ad149eb73829b,Huobi 5,Huobi,cex,cefi
83,0x5f65f7b609678448494de4c87521cdf6cef1e932,Gemini 4,Gemini,cex,cefi
84,0x738cF6903E6c4e699D1C2dd9AB8b67fcDb3121eA,KuCoin 12,KuCoin,cex,cefi
85,0xffec0067f5a79cff07527f63d83dd5462ccf8ba4,Nexo 2,Nexo,cex,cefi
86,0x8d1f2ebfaccf1136db76fdd1b86f1dede2d23852,Coinlist 2,Coinlist,cex,cefi
87,0x66c57bF505A85A74609D2C83E94Aabb26d691E1F,Kraken 12,Kraken,cex,cefi
88,0xe93381fb4c4f14bda253907b18fad305d799241a,Huobi 10,Huobi,cex,cefi
89,0x47ac0Fb4F2D84898e4D9E7b4DaB3C24507a6D503,Binance: Binance-Peg Tokens,Binance,cex,cefi
90,0x5754284f345afc66a98fbb0a0afe71e0f007b949,Tether: Treasury,Tether,treasury,free
91,0x89e51fa8ca5d66cd220baed62ed01e8951aa7c40,Kraken 7,Kraken,cex,cefi
92,0xfdb16996831753d5331ff813c29a93c76834a0ad,Huobi 3,Huobi,cex,cefi
93,0x66f820a414680b5bcda5eeca5dea238543f42054,Bittrex 3,Bittrex,cex,cefi
94,0x1062a747393198f70f71ec65a582423dba7e5ab3,Huobi 9,Huobi,cex,cefi
95,0xec30d02f10353f8efc9601371f56e808751f396f,KuCoin 11,KuCoin,cex,cefi
96,0x46705dfff24256421a05d056c29e81bdc09723b8,Huobi 12,Huobi,cex,cefi
97,0x88bd4d3e2997371bceefe8d9386c6b5b4de60346,KuCoin 14,KuCoin,cex,cefi
98,0xeee28d484628d41a82d01e21d12e2e78d69920da,Huobi 4,Huobi,cex,cefi
99,0x6748f50f686bfbca6fe8ad62b22228b87f31ff2b,Huobi 2,Huobi,cex,cefi
100,0xadb2b42f6bd96f5c65920b9ac88619dce4166f94,Huobi 7,Huobi,cex,cefi
101,0x0bc3807ec262cb779b38d65b38158acc3bfede10,Nouns DAO: Treasury,Nouns DAO,treasury,free
102,0xfb633f47a84a1450ee0413f2c32dc1772ccaea3e,Aragon: Treasury,Aragon,treasury,free
103,0x860a80d33e85e97888f1f0c75c6e5bbd60b48da9,SuperRare: Treasury,SuperRare,treasury,free
104,0x9a67f1940164d0318612b497e8e6038f902a00a4,KeeperDAO: Treasury,KeeperDAO,treasury,free
105,0x1cf0df2a5a20cd61d68d4489eebbf85b8d39e18a,Rarible: Treasury,Rarible,treasury,free
106,0x8b4334d4812c530574bd4f2763fcd22de94a969b,Tokemak: Treasury Address,Tokemak,treasury,free
107,0x56fcb471a9dde74045830439ad6612c9aad53c19,SquiggleDAO: Treasury,SquiggleDAO,treasury,free
108,0xf894fea045eccb2927e2e0cb15c12debee9f2be8,PleasrDAO: Treasury,PleasrDAO,treasury,free
109,0x556ecbb0311d350491ba0ec7e019c354d7723ce0,API3: Secondary Treasury Agent,API3,treasury,free
110,0xf7f52dd34bc21eda08c0b804c7c1dbc48375820f,PartyDAO: Treasury,PartyDAO,treasury,free
111,0xdff2aea378e41632e45306a6de26a7e0fd93ab07,Silo: Treasury,Silo,treasury,free
112,0xcf2d2da4c2f9b0675a197febc6708704834f9c24,RaidParty: Treasury,RaidParty,treasury,free
113,0x99f4176ee457afedffcb1839c7ab7a030a5e4a92,Synthetix: Treasury Council,Synthetix,treasury,free
114,0xfb76e9be55758d0042e003c1e46e186360f0627e,Aavegotchi: Treasury,Aavegotchi,treasury,free
115,0xce4a1E86a5c47CD677338f53DA22A91d85cab2c9,MoonDAO: Treasury,MoonDAO,treasury,free
116,0xD0A7A8B98957b9CD3cFB9c0425AbE44551158e9e,Badger: Treasury Vault Multisig,Badger,treasury,free
117,0x31f8cc382c9898b273eff4e0b7626a6987c846e8,OlympusDAO: Treasury,OlympusDAO,treasury,free
118,0xffe6280ae4e864d9af836b562359fd828ece8020,Aavegotchi: Treasury 2,Aavegotchi,treasury,free
119,0xfeb4acf3df3cdea7399794d0869ef76a6efaff52,Yearn: Treasury,Yearn Finance,treasury,free
120,0x3f5ce5fbfe3e9af3971dd833d26ba9b5c936f0be,Binance,Binance,cex,cefi
121,0x85b931a32a0725be14285b66f1a22178c672d69b,Binance 10,Binance,cex,cefi
122,0x708396f17127c42383e3b9014072679b2f60b82f,Binance 11,Binance,cex,cefi
123,0xe0f0cfde7ee664943906f17f7f14342e76a5cec7,Binance 12,Binance,cex,cefi
124,0x8f22f2063d253846b53609231ed80fa571bc0c8f,Binance 13,Binance,cex,cefi
125,0x4d9ff50ef4da947364bb9650892b2554e7be5e2b,Binance 19,Binance,cex,cefi
126,0xd551234ae421e3bcba99a0da6d736074f22192ff,Binance 2,Binance,cex,cefi
127,0xd88b55467f58af508dbfdc597e8ebd2ad2de49b3,Binance 21,Binance,cex,cefi
128,0x7dfe9a368b6cf0c0309b763bb8d16da326e8f46e,Binance 22,Binance,cex,cefi
129,0x345d8e3a1f62ee6b1d483890976fd66168e390f2,Binance 23,Binance,cex,cefi
130,0xc3c8e0a39769e2308869f7461364ca48155d1d9e,Binance 24,Binance,cex,cefi
131,0x2e581a5ae722207aa59acd3939771e7c7052dd3d,Binance 25,Binance,cex,cefi
132,0x44592b81c05b4c35efb8424eb9d62538b949ebbf,Binance 26,Binance,cex,cefi
133,0x564286362092d8e7936f0549571a803b203aaced,Binance 3,Binance,cex,cefi
134,0x892e9e24aea3f27f4c6e9360e312cce93cc98ebe,Binance 30,Binance,cex,cefi
135,0x00799bbc833d5b168f0410312d2a8fd9e0e3079c,Binance 31,Binance,cex,cefi
136,0x141fef8cd8397a390afe94846c8bd6f4ab981c48,Binance 32,Binance,cex,cefi
137,0x50d669f43b484166680ecc3670e4766cdb0945ce,Binance 33,Binance,cex,cefi
138,0x2f7e209e0f5f645c7612d7610193fe268f118b28,Binance 34,Binance,cex,cefi
139,0x0681d8db095565fe8a346fa0277bffde9c0edbbf,Binance 4,Binance,cex,cefi
140,0xfe9e8709d3215310075d67e3ed32a380ccf451c8,Binance 5,Binance,cex,cefi
141,0x4e9ce36e442e55ecd9025b9a6e0d88485d628a67,Binance 6,Binance,cex,cefi
142,0x001866ae5b3de6caa5a51543fd9fb64f524f5478,Binance 9,Binance,cex,cefi
143,0x8b99f3660622e21f2910ecca7fbe51d654a1517d,Binance Charity,Binance,cex,cefi
144,0xab83d182f3485cf1d6ccdd34c7cfef95b4c08da4,Binance JEX,Binance,cex,cefi
145,0xc365c3315cf926351ccaf13fa7d19c8c4058c8e1,Binance Pool,Binance,cex,cefi
146,0x61189da79177950a7272c88c6058b96d4bcd6be2,Binance US,Binance,cex,cefi
147,0x4fabb145d64652a948d72533023f6e7a623c7c53,Binance USD,Binance,cex,cefi
148,0xc9a2c4868f0f96faaa739b59934dc9cb304112ec,Binance: BGBP Token,Binance,cex,cefi
149,0xb8c77482e45f1f44de1745f52c74426c631bdd52,Binance: BNB Token,Binance,cex,cefi
150,0x0b95993a39a363d99280ac950f5e4536ab5c5566,Binance: Contract,Binance,cex,cefi
151,0x2f47a1c2db4a3b78cda44eade915c3b19107ddcc,Binance: Eth2 Depositor,Binance,cex,cefi
152,0xb3f923eabaf178fc1bd8e13902fc5c61d3ddef5b,Wintermute: Binance Deposit,Binance,cex,cefi
153,0x43984d578803891dfa9706bdeee6078d80cfc79e,Kraken 11,Kraken,cex,cefi
154,0xa83b11093c858c86321fbc4c20fe82cdbd58e09e,Kraken 14,Kraken,cex,cefi
155,0x0a869d79a7052c7f1b55a8ebabbea3420f0d1e13,Kraken 2,Kraken,cex,cefi
156,0xe853c56864a2ebe4576a807d26fdc4a0ada51919,Kraken 3,Kraken,cex,cefi
157,0xfa52274dd61e1643d2205169732f29114bc240b3,Kraken 5,Kraken,cex,cefi
158,0x53d284357ec70ce289d6d64134dfac8e511c8a3d,Kraken 6,Kraken,cex,cefi
159,0xc6bed363b30df7f35b601a5547fe56cd31ec63da,Kraken 8,Kraken,cex,cefi
160,0x29728d0efd284d85187362faa2d4d76c2cfc2612,Kraken 9,Kraken,cex,cefi
161,0x2e7542ec36df6429d8c397f88c4cf0c925948f44,Kraken: Deployer 1,Kraken,cex,cefi
162,0xa24787320ede4cc19d800bf87b41ab9539c4da9d,Kraken: Deployer 2,Kraken,cex,cefi
163,0xe9f7ecae3a53d2a67105292894676b00d1fab785,Kraken: Hot Wallet,Kraken,cex,cefi
164,0xf6874c88757721a02f47592140905c4336dfbc61,Coinbase: Coinbase Commerce,Coinbase,cex,cefi
165,0x881d4032abe4188e2237efcd27ab435e81fc6bb1,Coinbase: Commerce,Coinbase,cex,cefi
166,0xa090e606e30bd747d4e6245a1517ebe430f0057e,Coinbase: Miscellaneous,Coinbase,cex,cefi
167,0x2b5634c42055806a59e9107ed44d43c426e58258,KuCoin,KuCoin,cex,cefi
168,0x689c56aef474df92d44a1b70850f808488f9769c,KuCoin 2,KuCoin,cex,cefi
169,0xa1d8d972560c2f8144af871db508f0b0b10a3fbf,KuCoin 3,KuCoin,cex,cefi
170,0x4ad64983349c49defe8d7a4686202d24b25d0ce8,KuCoin 4,KuCoin,cex,cefi
171,0xe59cd29be3be4461d79c0881d238cbe87d64595a,Kucoin 7,KuCoin,cex,cefi
172,0x899b5d52671830f567bf43a14684eb14e1f945fe,KuCoin 8,KuCoin,cex,cefi
173,0x2602669a92fccf44e5319ff51b0f453aab9db021,KuCoin Contract,KuCoin,cex,cefi
174,0xf2b16510270a214130c6b17ff0e9bf87585126bd,KuCoin: Deployer,KuCoin,cex,cefi
175,0xf34960d9d60be18cc1d5afc1a6f012a723a28811,KuCoin: KCS Token,KuCoin,cex,cefi
176,0x039b5649a59967e3e936d7471f9c3700100ee1ab,KuCoin: Old KCS Token,KuCoin,cex,cefi
177,0x236f9f97e0e62388479bf9e5ba4889e46b0273c3,OKEx 2,OKEx,cex,cefi
178,0x59fae149a8f8ec74d5bc038f8b76d25b136b9573,OKEx 5,OKEx,cex,cefi
179,0x75231f58b43240c9718dd58b4967c5114342a86c,OKEx: OKB Token,OKEx,cex,cefi
180,0x6fc82a5fe25a5cdb58bc74600a40a69c065263f8,Gemini 2,Gemini,cex,cefi
181,0xb302bfe9c246c6e150af70b1caaa5e3df60dac05,Gemini 5,Gemini,cex,cefi
182,0x07ee55aa48bb72dcc6e9d78256648910de513eca,Gemini: Contract 1,Gemini,cex,cefi
183,0xdd51f01d9fc0fd084c1a4737bbfa5becb6ced9bc,Gemini: Deployer 1,Gemini,cex,cefi
184,0x4c2f150fc90fed3d8281114c2349f1906cde5346,Gemini: Deployer 2,Gemini,cex,cefi
185,0x4b7ee45f30767f36f06f79b32bf1fca6f726deda,Gemini: eFIL Token,Gemini,cex,cefi
186,0x056fd409e1d7a124bd7017459dfea2f387b6d5cd,Gemini: GUSD Token,Gemini,cex,cefi
187,0xdec042a90de005b22754e94a8a979c4b8c67fde5,Gemini: Old Contract 1,Gemini,cex,cefi
188,0x1151314c646ce4e0efd76d1af4760ae66a9fe30f,Bitfinex 1,Bitfinex,cex,cefi
189,0x482f02e8bc15b5eabc52c6497b425b3ca3c821e8,Bitfinex 13,Bitfinex,cex,cefi
190,0xdcd0272462140d0a3ced6c4bf970c7641f08cd2c,Bitfinex 4,Bitfinex,cex,cefi
191,0x1b29dd8ff0eb3240238bf97cafd6edea05d5ba82,Bitfinex 6,Bitfinex,cex,cefi
192,0x30a2ebf10f34c6c4874b0bdd5740690fd2f3b70c,Bitfinex 7,Bitfinex,cex,cefi
193,0x7727e5113d1d161373623e5f49fd568b4f543a9e,Bitfinex: Contract 1,Bitfinex,cex,cefi
194,0x0e55c54249f25f70d519b7fb1c20e3331e7ba76d,Bitfinex: Contract 2,Bitfinex,cex,cefi
195,0x5dbdebcae07cc958ba5290ff9deaae554e29e7b4,Bitfinex: Deployer 1,Bitfinex,cex,cefi
196,0x2ee3b2df6534abc759ffe994f7b8dcdfaa02cd31,Bitfinex: Deployer 2,Bitfinex,cex,cefi
197,0xe1f3c653248de6894d683cb2f10de7ca2253046f,Bitfinex: Deployer 3,Bitfinex,cex,cefi
198,0x2903cadbe271e057edef157340b52a5898d7424f,Bitfinex: Deployer 4,Bitfinex,cex,cefi
199,0x36928500bc1dcd7af6a2b4008875cc336b927d57,Bitfinex: Deployer 5,Bitfinex,cex,cefi
200,0x14d06788090769f669427b6aea1c0240d2321f34,Bitfinex: Deployer 6,Bitfinex,cex,cefi
201,0x77134cbc06cb00b66f4c7e623d5fdbf6777635ec,Bitfinex: Hot Wallet,Bitfinex,cex,cefi
202,0x2af5d2ad76741191d15dfe7bf6ac92d4bd912ca3,Bitfinex: LEO Token,Bitfinex,cex,cefi
203,0xab7c74abc0c4d48d1bdad5dcb26153fc8780f83e,Bitfinex: MultiSig 1,Bitfinex,cex,cefi
204,0xc6cde7c39eb2f0f0095f41570af89efc2c1ea828,Bitfinex: MultiSig 2,Bitfinex,cex,cefi
205,0xcafb10ee663f465f9d10588ac44ed20ed608c11e,Bitfinex: Old Address 1,Bitfinex,cex,cefi
206,0x7180eb39a6264938fdb3effd7341c4727c382153,Bitfinex: Old Address 2,Bitfinex,cex,cefi
207,0x69c6dcc8f83b196605fa1076897af0e7e2b6b044,Bitfinex: Old Contract 1,Bitfinex,cex,cefi
208,0x8d5a41e85f4ce2433beef476305d307b9205d98d,Bitfinex: Old Contract 2,Bitfinex,cex,cefi
209,0xc581b735a1688071a1746c968e0798d642ede491,Euro Tether: EURT Token,Bitfinex,cex,cefi
210,0xabdf147870235fcfc34153828c769a70b3fae01f,EURT:undefined,Bitfinex,cex,cefi
211,0x4922a015c4407f87432b179bb209e125432e4a2a,Tether Gold: Old XAUt Token,Bitfinex,cex,cefi
212,0x68749665ff8d2d112fa859aa293f07a622782f38,Tether Gold: XAUt Token,Bitfinex,cex,cefi
213,0x6e109e9dd7fa1a58bc3eff667e8e41fc3cc07aef,Tether: CNHT Token,Bitfinex,cex,cefi
214,0xed03ed872159e199065401b6d0d487d78d9464aa,Tether: MXNt Token,Bitfinex,cex,cefi
215,0xdac17f958d2ee523a2206206994597c13d831ec7,Tether: USDT Stablecoin,Bitfinex,cex,cefi
216,0xab5c66752a9e8167967685f1450532fb96d5d24f,Huobi 1,Huobi,cex,cefi
217,0xfa4b5be3f2f84f56703c42eb22142744e95a2c58,Huobi 11,Huobi,cex,cefi
218,0x32598293906b5b17c27d657db3ad2c9b3f3e4265,Huobi 13,Huobi,cex,cefi
219,0x5861b8446a2f6e19a067874c133f04c578928727,Huobi 14,Huobi,cex,cefi
220,0x926fc576b7facf6ae2d08ee2d4734c134a743988,Huobi 15,Huobi,cex,cefi
221,0xeec606a66edb6f497662ea31b5eb1610da87ab5f,Huobi 16,Huobi,cex,cefi
222,0x7ef35bb398e0416b81b019fea395219b65c52164,Huobi 17,Huobi,cex,cefi
223,0x229b5c097f9b35009ca1321ad2034d4b3d5070f6,Huobi 18,Huobi,cex,cefi
224,0xd8a83b72377476d0a66683cde20a8aad0b628713,Huobi 19,Huobi,cex,cefi
225,0x90e9ddd9d8d5ae4e3763d0cf856c97594dea7325,Huobi 20,Huobi,cex,cefi
226,0x18916e1a2933cb349145a280473a5de8eb6630cb,Huobi 21,Huobi,cex,cefi
227,0x6f48a3e70f0251d1e83a989e62aaa2281a6d5380,Huobi 22,Huobi,cex,cefi
228,0xf056f435ba0cc4fcd2f1b17e3766549ffc404b94,Huobi 23,Huobi,cex,cefi
229,0x137ad9c4777e1d36e4b605e745e8f37b2b62e9c5,Huobi 24,Huobi,cex,cefi
230,0x5401dbf7da53e1c9dbf484e3d69505815f2f5e6e,Huobi 25,Huobi,cex,cefi
231,0x034f854b44d28e26386c1bc37ff9b20c6380b00d,Huobi 26,Huobi,cex,cefi
232,0x0577a79cfc63bbc0df38833ff4c4a3bf2095b404,Huobi 27,Huobi,cex,cefi
233,0x0c6c34cdd915845376fb5407e0895196c9dd4eec,Huobi 28,Huobi,cex,cefi
234,0x794d28ac31bcb136294761a556b68d2634094153,Huobi 29,Huobi,cex,cefi
235,0xfd54078badd5653571726c3370afb127351a6f26,Huobi 30,Huobi,cex,cefi
236,0x4d77a1144dc74f26838b69391a6d3b1e403d0990,Huobi 32,Huobi,cex,cefi
237,0x73f8fc2e74302eb2efda125a326655acf0dc2d1b,Huobi 35,Huobi,cex,cefi
238,0xf66852bc122fd40bfecc63cd48217e88bda12109,Huobi 37,Huobi,cex,cefi
239,0x49517ca7b7a50f592886d4c74175f4c07d460a70,Huobi 38,Huobi,cex,cefi
240,0x58c2cb4a6bee98c309215d0d2a38d7f8aa71211c,Huobi 39,Huobi,cex,cefi
241,0xdc76cd25977e0a5ae17155770273ad58648900d3,Huobi 6,Huobi,cex,cefi
242,0xa8660c8ffd6d578f657b72c0c811284aef0b735e,Huobi 8,Huobi,cex,cefi
243,0x9d6d492bd500da5b33cf95a5d610a73360fcaaa0,Huobi Mining Pool,Huobi,cex,cefi
244,0xa66daa57432024023db65477ba87d4e7f5f95213,Huobi Pool Token,Huobi,cex,cefi
245,0x6f259637dcd74c767781e37bc6133cd6a68aa161,Huobi Token,Huobi,cex,cefi
246,0x0316eb71485b0ab14103307bf65a021042c6d380,Huobi: HBTC Token,Huobi,cex,cefi
247,0x1d1e10e8c66b67692f4c002c0cb334de5d485e41,Huobi: Old Address 1,Huobi,cex,cefi
248,0xea0cfef143182d7b9208fbfeda9d172c2aced972,Huobi: Old Address 10,Huobi,cex,cefi
249,0x0c92efa186074ba716d0e2156a6ffabd579f8035,Huobi: Old Address 11,Huobi,cex,cefi
250,0x91dfa9d9e062a50d2f351bfba0d35a9604993dac,Huobi: Old Address 12,Huobi,cex,cefi
251,0x8e8bc99b79488c276d6f3ca11901e9abd77efea4,Huobi: Old Address 13,Huobi,cex,cefi
252,0xb9a4873d8d2c22e56b8574e8605644d08e047549,Huobi: Old Address 14,Huobi,cex,cefi
253,0x170af0a02339743687afd3dc8d48cffd1f660728,Huobi: Old Address 15,Huobi,cex,cefi
254,0xf775a9a0ad44807bc15936df0ee68902af1a0eee,Huobi: Old Address 16,Huobi,cex,cefi
255,0x75a83599de596cbc91a1821ffa618c40e22ac8ca,Huobi: Old Address 17,Huobi,cex,cefi
256,0x48ab9f29795dfb44b36587c50da4b30c0e84d3ed,Huobi: Old Address 18,Huobi,cex,cefi
257,0x90f49e24a9554126f591d28174e157ca267194ba,Huobi: Old Address 19,Huobi,cex,cefi
258,0x1b93129f05cc2e840135aab154223c75097b69bf,Huobi: Old Address 2,Huobi,cex,cefi
259,0xe3314bbf3334228b257779e28228cfb86fa4261b,Huobi: Old Address 20,Huobi,cex,cefi
260,0x6edb9d6547befc3397801c94bb8c97d2e8087e2f,Huobi: Old Address 21,Huobi,cex,cefi
261,0x8aabba0077f1565df73e9d15dd3784a2b0033dad,Huobi: Old Address 22,Huobi,cex,cefi
262,0xd3a2f775e973c1671f2047e620448b8662dcd3ca,Huobi: Old Address 23,Huobi,cex,cefi
263,0x1c515eaa87568c850043a89c2d2c2e8187adb056,Huobi: Old Address 24,Huobi,cex,cefi
264,0x60b45f993223dcb8bdf05e3391f7630e5a51d787,Huobi: Old Address 25,Huobi,cex,cefi
265,0xa23d7dd4b8a1060344caf18a29b42350852af481,Huobi: Old Address 26,Huobi,cex,cefi
266,0x9eebb2815dba2166d8287afa9a2c89336ba9deaa,Huobi: Old Address 27,Huobi,cex,cefi
267,0xd10e08325c0e95d59c607a693483680fe5b755b3,Huobi: Old Address 28,Huobi,cex,cefi
268,0xc837f51a0efa33f8eca03570e3d01a4b2cf97ffd,Huobi: Old Address 29,Huobi,cex,cefi
269,0xeb6d43fe241fb2320b5a3c9be9cdfd4dd8226451,Huobi: Old Address 3,Huobi,cex,cefi
270,0xf7a8af16acb302351d7ea26ffc380575b741724c,Huobi: Old Address 30,Huobi,cex,cefi
271,0x636b76ae213358b9867591299e5c62b8d014e372,Huobi: Old Address 31,Huobi,cex,cefi
272,0x9a755332d874c893111207b0b220ce2615cd036f,Huobi: Old Address 32,Huobi,cex,cefi
273,0xecd8b3877d8e7cd0739de18a5b545bc0b3538566,Huobi: Old Address 33,Huobi,cex,cefi
274,0xef54f559b5e3b55b783c7bc59850f83514b6149c,Huobi: Old Address 34,Huobi,cex,cefi
275,0x956e0dbecc0e873d34a5e39b25f364b2ca036730,Huobi: Old Address 4,Huobi,cex,cefi
276,0x6f50c6bff08ec925232937b204b0ae23c488402a,Huobi: Old Address 5,Huobi,cex,cefi
277,0xdf95de30cdff4381b69f9e4fa8dddce31a0128df,Huobi: Old Address 6,Huobi,cex,cefi
278,0x25c6459e5c5b01694f6453e8961420ccd1edf3b1,Huobi: Old Address 7,Huobi,cex,cefi
279,0x04645af26b54bd85dc02ac65054e87362a72cb22,Huobi: Old Address 8,Huobi,cex,cefi
280,0xb2a48f542dc56b89b24c04076cbe565b3dc58e7b,Huobi: Old Address 9,Huobi,cex,cefi
281,0x88d34944cf554e9cccf4a24292d891f620e9c94f,Bithumb 1,Bithumb,cex,cefi
282,0x186549a4ae594fc1f70ba4cffdac714b405be3f9,Bithumb 10,Bithumb,cex,cefi
283,0xd273bd546b11bd60214a2f9d71f22a088aafe31b,Bithumb 11,Bithumb,cex,cefi
284,0x3052cd6bf951449a984fe4b5a38b46aef9455c8e,Bithumb 2,Bithumb,cex,cefi
285,0x2140efd7ba31169c69dfff6cdc66c542f0211825,Bithumb 3,Bithumb,cex,cefi
286,0xa0ff1e0f30b5dda2dc01e7e828290bc72b71e57d,Bithumb 4,Bithumb,cex,cefi
287,0xc1da8f69e4881efe341600620268934ef01a3e63,Bithumb 5,Bithumb,cex,cefi
288,0xb4460b75254ce0563bb68ec219208344c7ea838c,Bithumb 6,Bithumb,cex,cefi
289,0x15878e87c685f866edfaf454be6dc06fa517b35b,Bithumb 7,Bithumb,cex,cefi
290,0x31d03f07178bcd74f9099afebd23b0ae30184ab5,Bithumb 8,Bithumb,cex,cefi
291,0xed48dc0628789c2956b1e41726d062a86ec45bff,Bithumb 9,Bithumb,cex,cefi
292,0x3fbe1f8fc5ddb27d428aa60f661eaaab0d2000ce,Bithumb: Contract 1,Bithumb,cex,cefi
293,0xbb5a0408fa54287b9074a2f47ab54c855e95ef82,Bithumb: Old Address 1,Bithumb,cex,cefi
294,0x5521a68d4f8253fc44bfb1490249369b3e299a4a,Bithumb: Old Address 2,Bithumb,cex,cefi
295,0x8fa8af91c675452200e49b4683a33ca2e1a34e42,Bithumb: Old Address 3,Bithumb,cex,cefi
296,0x3b83cd1a8e516b6eb9f1af992e9354b15a6f9672,Bithumb: Old Address 4,Bithumb,cex,cefi
297,0xe94b04a0fed112f3664e45adb2b8915693dd5ff3,Bittrex 2,Bittrex,cex,cefi
298,0xa3c1e324ca1ce40db73ed6026c4a177f099b5770,Bittrex: Controller,Bittrex,cex,cefi
299,0x68eb95dc9934e19b86687a10df8e364423240e94,FTX: 3X Long Bitcoin Token,FTX,cex,cefi
300,0x871baed4088b863fd6407159f3672d70cd34837d,FTX: 3X Long Ethereum Token,FTX,cex,cefi
301,0x016ee7373248a80bde1fd6baa001311d233b3cfa,FTX: 3X Short Bitcoin Token,FTX,cex,cefi
302,0x2f5e2c9002c058c063d21a06b6cabb50950130c8,FTX: 3X Short Ethereum Token,FTX,cex,cefi
303,0x50d1c9771902476076ecfc8b2a83ad6b9355a4c9,FTX: FTT Token,FTX,cex,cefi
304,0x00bdb5699745f5b860228c8f939abf1b9ae374ed,Bitstamp 1,Bitstamp,cex,cefi
305,0x9a9bed3eb03e386d66f8a29dc67dc29bbb1ccb72,Bitstamp 3,Bitstamp,cex,cefi
306,0x059799f2261d37b829c2850cee67b5b975432271,Bitstamp 4,Bitstamp,cex,cefi
307,0x4c766def136f59f6494f0969b1355882080cf8e0,Bitstamp 5,Bitstamp,cex,cefi
308,0xc5b611f502a0dcf6c3188fd494061ae29b2baa4f,Bitstamp 6,Bitstamp,cex,cefi
309,0x964771f6df31eea2d927fa71d7bd78e81bcdce05,Bitstamp: Contract 1,Bitstamp,cex,cefi
310,0x538d72ded42a76a30f730292da939e0577f22f57,Bitstamp: Deployer,Bitstamp,cex,cefi
311,0xfca70e67b3f93f679992cd36323eeb5a5370c8e4,Bitstamp: Old Address 1,Bitstamp,cex,cefi
312,0x32be343b94f860124dc4fee278fdcbd38c102d88,Poloniex,Poloniex,cex,cefi
313,0x209c4784ab1e8183cf58ca33cb740efbf3fc18ef,Poloniex 2,Poloniex,cex,cefi
314,0xb794f5ea0ba39494ce839613fffba74279579268,Poloniex 3,Poloniex,cex,cefi
315,0xaa9fa73dfe17ecaa2c89b39f0bb2779613c5fc3b,Poloniex: BAT,Poloniex,cex,cefi
316,0x2fa2bc2ce6a4f92952921a4caa46b3727d24a1ec,Poloniex: BNT,Poloniex,cex,cefi
317,0x31a2feb9b5d3b5f4e76c71d6c92fc46ebb3cb1c1,Poloniex: CVC,Poloniex,cex,cefi
318,0x6b71834d65c5c4d8ed158d54b47e6ea4ff4e5437,Poloniex: FOAM,Poloniex,cex,cefi
319,0x48d466b7c0d32b61e8a82cd2bcf060f7c3f966df,Poloniex: GNO,Poloniex,cex,cefi
320,0x0536806df512d6cdde913cf95c9886f65b1d3462,Poloniex: GNT,Poloniex,cex,cefi
321,0x8d451ae5ee8f557a9ce7a9d7be8a8cb40002d5cb,Poloniex: KNC,Poloniex,cex,cefi
322,0xbd2ec7c608a06fe975dbdca729e84dedb34ecc21,Poloniex: LOOM,Poloniex,cex,cefi
323,0xc0e30823e5e628df8bc9bf2636a347e1512f0ecb,Poloniex: MANA,Poloniex,cex,cefi
324,0x65f9b2e4d7aaeb40ffea8c6f5844d5ad7da257e0,Poloniex: NXC,Poloniex,cex,cefi
325,0x36b01066b7fa4a0fdb2968ea0256c848e9135674,Poloniex: OMG,Poloniex,cex,cefi
326,0xab11204cfeaccffa63c2d23aef2ea9accdb0a0d5,Poloniex: REP,Poloniex,cex,cefi
327,0x6795cf8eb25585eadc356ae32ac6641016c550f2,Poloniex: SNT,Poloniex,cex,cefi
328,0xfbf2173154f7625713be22e0504404ebfe021eae,Poloniex: STORJ,Poloniex,cex,cefi
329,0x6f803466bcd17f44fa18975bf7c509ba64bf3825,Poloniex: USDC,Poloniex,cex,cefi
330,0xead6be34ce315940264519f250d8160f369fa5cd,Poloniex: ZRX,Poloniex,cex,cefi
331,0xa0b73e1ff0b80914ab6fe0444e65848c4c34450b,Cronos Coin: CRO Token,Crypto.com,CeFi,cefi
332,0xb63b606ac810a52cca15e44bb630fd42d8d1d83d,Crypto.com: MCO Token,Crypto.com,CeFi,cefi
333,0x013ff63e21e8556c1a04aff005ec0912aa955d6a,Crypto.com: CDCNFT 2,Crypto.com,CeFi,cefi
334,0x767be428d8bf8fa99bc0b84d96d6f135845a11ff,Crypto.com: CDCNFT Token,Crypto.com,CeFi,cefi
335,0xc42f0e95ff6c861164a86415eb6b3dabe7e13843,Crypto.com: Deployer,Crypto.com,CeFi,cefi
336,0x494adb1ecac39d9df00fcda84ed2c1dc775107e7,Crypto.com: Deployer 2,Crypto.com,CeFi,cefi
337,0x32047ac688997feb8fbf1d5d4aee39ec0202086d,Crypto.com: Deployer 3,Crypto.com,CeFi,cefi
338,0xdc4c0fda463435d19962e8dd465d5eba86fd02ec,Crypto.com: MCO Wallet,Crypto.com,CeFi,cefi
339,0x51ca21ed46a9df3cb6f34624cbd482d312996730,Crypto.com: MultiSig,Crypto.com,CeFi,cefi
340,0x71507ee19cbc0c87ff2b5e05d161efe2aac4ee07,Crypto.com: MultiSig 2,Crypto.com,CeFi,cefi
341,0x22e4f709fd5e7fe246fbf7e714ae89bdab7e2a5d,Crypto.com: MultiSig 3,Crypto.com,CeFi,cefi
342,0xdda508f9f3c1b4ca39c8794df3a080298ebe9c55,Crypto.com: MultiSig 4,Crypto.com,CeFi,cefi
343,0x35f517cab9a37bc31091c2f155d965af84e0bc85,Crypto.com: MultiSig 5,Crypto.com,CeFi,cefi
344,0x67703f7d089f3ac7c8c13a18b2381cbd7ee3eded,Crypto.com: MultiSig 6,Crypto.com,CeFi,cefi
345,0x20a0bee429d6907e556205ef9d48ab6fe6a55531,Crypto.com: MultiSig 7,Crypto.com,CeFi,cefi
346,0x00ee047a66d5cff27587a61559138c26b62f7ceb,Nexo 1,Nexo,CeFi,cefi
347,0x0031e147a79c45f24319dc02ca860cb6142fcba1,Nexo 3,Nexo,CeFi,cefi
348,0xb62132e35a6c13ee1ee0f84dc5d40bad8d815206,Nexo Token,Nexo,CeFi,cefi
349,0x65b0bf8ee4947edd2a500d74e50a3d757dc79de0,Nexo: WBTC Merchant Deposit Address,Nexo,CeFi,cefi
350,0x5089afdb4328c2e90d4bbeb2b62421f51a687430,Celsius Network: CEL Partners,Celsius Network,CeFi,cefi
351,0xb2d9fecc991a81eb237028262517f61dd8177b4f,Celsius Network: CEL Team,Celsius Network,CeFi,cefi
352,0xaaaebe6fe48e54f431b0c390cfaf0b017d09d42d,Celsius Network: CEL Token,Celsius Network,CeFi,cefi
353,0xce606c7028a0702de6ef30c69c9dca4e3d46ffbd,Celsius Network: CEL Treasury,Celsius Network,CeFi,cefi
354,0x81b5ce15aa64e1dcefc18f810de7d18115230586,Celsius Network: CEL Treasury Reserve,Celsius Network,CeFi,cefi
355,0x32a3256a4b15badd4a6e072a03d23404d925a5cf,Celsius Network: Contract,Celsius Network,CeFi,cefi
356,0x2abf9f753d0af02cca358f98d633bad81cc555ed,Celsius Network: Deployer,Celsius Network,CeFi,cefi
357,0x7de3e919d1d7e5f1b1b27bdb3575b65c5874a5f6,Celsius Network: Wallet,Celsius Network,CeFi,cefi
358,0x917334942eee7c32dcccfbde975f3e0ac30efac4,Celsius Network: Wallet 10,Celsius Network,CeFi,cefi
359,0x8aceab8167c80cb8b3de7fa6228b889bb1130ee8,Celsius Network: Wallet 11,Celsius Network,CeFi,cefi
360,0x75db8b92937f8f86213e523788ab9f066efde3fe,Celsius Network: Wallet 2,Celsius Network,CeFi,cefi
361,0x721e3d8aa92d1f26936f6945f176415f66a88588,Celsius Network: Wallet 3,Celsius Network,CeFi,cefi
362,0xb26314635252b4ee8b454423e5299a092dea8a4a,Celsius Network: Wallet 4,Celsius Network,CeFi,cefi
363,0x8b47ed08fd5f134c57b826fbd33e1de121de880d,Celsius Network: Wallet 6,Celsius Network,CeFi,cefi
364,0x84e1f49a6b65882c7365b6a775999cfcb481f22f,Celsius Network: Wallet 7,Celsius Network,CeFi,cefi
365,0x3be6d80fdce385358f5762998882efc282df7b9a,Celsius Network: Wallet 8,Celsius Network,CeFi,cefi
366,0x91e9a131446ab538d30746c79d43908faef3f289,Celsius Network: Wallet 9,Celsius Network,CeFi,cefi
367,0x9b436168dd080f1f95d1919258c64590263c0dae,CelsiusX 1,Celsius Network,CeFi,cefi
368,0x520da65f3b9b93a5bb6a1db911de40ae197aa639,CelsiusX 2,Celsius Network,CeFi,cefi
369,0x4859df02d1c7cd85c2a283708958aaa7728bad67,CelsiusX 3,Celsius Network,CeFi,cefi
370,0xfe4546fefe124f30788c4cc1bb9aa6907a7987f9,CelsiusX 4,Celsius Network,CeFi,cefi
371,0x64875aaa68d1d5521666c67d692ee0b926b08b2f,CelsiusX: cxADA Token,Celsius Network,CeFi,cefi
372,0xf9e293d5d793ddc1ae4f778761e0b3e4aa7cf2dd,CelsiusX: cxDOGE Token,Celsius Network,CeFi,cefi
373,0xd2c82f2e5fa236e114a81173e375a73664610998,CoinList 3,CoinList,cex,cefi
374,0x03bdf69b1322d623836afbd27679a1c0afa067e9,AscendEX 1,AscendEX,cex,cefi
375,0x986a2fca9eda0e06fbf7839b89bfc006ee2a23dd,AscendEX 3,AscendEX,cex,cefi
376,0xcca0c9c383076649604ee31b20248bc04fdf61ca,BitMax: BTMX Token,AscendEX,cex,cefi
377,0x896c3307f0b10fb956f5d22185863c2917bf58c1,BitMax: Deployer,AscendEX,cex,cefi
378,0x1c289a12a8552b314d0d153d6991fd27a54aa640,BitMax: Old Token 1,AscendEX,cex,cefi
379,0xf45f0e16b5e096286e1fb463d34be9f3df5e3602,BitMax: Old Token 2,AscendEX,cex,cefi
380,0x274f3c32c90517975e29dfc209a23f315c1e5fc7,Hotbit,Hotbit,cex,cefi
381,0x8533a0bd9310eb63e7cc8e1116c18a3d67b1976a,Hotbit 2,Hotbit,cex,cefi
382,0x6be61833fc4381990e82d7d4a9f4c9b3f67ea941,Hotbit Token,Hotbit,cex,cefi
383,0x04046027549f739edfd5b2a78efdbaf0f0bf4514,BlockFi 1,BLockFi,CeFi,cefi
384,0xa26a8e242a7470476df1dc11ded5dbc9fca610fa,BlockFi 2,BLockFi,CeFi,cefi
385,0x3fda25f27211a138adf211f4c060f2149674be6d,BlockFi 4,BLockFi,CeFi,cefi
386,0x808b4da0be6c9512e948521452227efc619bea52,BlockFi 5,BLockFi,CeFi,cefi
387,0xeb4c5ab9b36437f969888be99af42fc9087005a5,AMB Flashbot Helper,Bot,MEV,free
388,0x9799b475dec92bd99bbdd943013325c36157f383,Fund: 0x979...383,Bot,MEV,free
389,0x0000000000036414940324055c43e75f56b7d016,MEV Bot: 0x000...016,Bot,MEV,free
390,0x0000000009cb38fb8a1bbb8ada23c8261118f019,MEV Bot: 0x000...019,Bot,MEV,free
391,0x000000000085359dbc0eb45911e5f3f7a532a07e,MEV Bot: 0x000...07E,Bot,MEV,free
392,0x000000000000084e91743124a982076c59f10084,MEV Bot: 0x000...084,Bot,MEV,free
393,0x000000000a08a7ca00e4239dd97d8542c51b9086,MEV Bot: 0x000...086,Bot,MEV,free
394,0x0000007c68390193776e8b44df3b698d311070b9,MEV Bot: 0x000...0B9,Bot,MEV,free
395,0x00000000000123685885532dcb685c442dc83126,MEV Bot: 0x000...126,Bot,MEV,free
396,0x00000000003eea204b86b877632d9ee88b179150,MEV Bot: 0x000...150,Bot,MEV,free
397,0x000000004b614af95d1bb7c236a3aa800b722173,MEV Bot: 0x000...173,Bot,MEV,free
398,0x0000000000d41c96294ccdac8612bdfe29c641af,MEV Bot: 0x000...1af,Bot,MEV,free
399,0x0000000084f794716fa5485d1424b8bd562291f9,MEV Bot: 0x000...1f9,Bot,MEV,free
400,0x00000000000c66b8cb2836c3620f88a9c812d208,MEV Bot: 0x000...208,Bot,MEV,free
401,0x0000000000b92ac90d898eba87fa5f2483f32234,MEV Bot: 0x000...234,Bot,MEV,free
402,0x00000000000a47b1298f18cf67de547bbe0d723f,MEV Bot: 0x000...23F,Bot,MEV,free
403,0x0000000000a84d1a9b0063a910315c7ffa9cd248,MEV Bot: 0x000...248,Bot,MEV,free
404,0x0000004f2f05a8223b89edb700848d70970742bf,MEV Bot: 0x000...2bF,Bot,MEV,free
405,0x000000000dfde7deaf24138722987c9a6991e2d4,MEV Bot: 0x000...2D4,Bot,MEV,free
406,0x00000000f6e788341c1acb3c2d49fa9263b8a2f7,MEV Bot: 0x000...2F7,Bot,MEV,free
407,0x0000000050fd1220ecf21d84687ebad194fd537f,MEV Bot: 0x000...37F,Bot,MEV,free
408,0x000000000b8a22fdae0233faa785df7974ff0391,MEV Bot: 0x000...391,Bot,MEV,free
409,0x0000000000710a9c1f6db5f504be77ffb3b583ec,MEV Bot: 0x000...3ec,Bot,MEV,free
410,0x000000004b5ad44f70781462233d177d32d993f1,MEV Bot: 0x000...3f1,Bot,MEV,free
411,0x0000000000208d4805eb97db796e74b48547445d,MEV Bot: 0x000...45d,Bot,MEV,free
412,0x000000000000660def84e69995117c0176ba446e,MEV Bot: 0x000...46E,Bot,MEV,free
413,0x000000000003c42172c0bdd69d6afb6b0bf4b488,MEV Bot: 0x000...488,Bot,MEV,free
414,0x000000000025d4386f7fb58984cbe110aee3a4c4,MEV Bot: 0x000...4c4,Bot,MEV,free
415,0x0000000096b674bb0ea9c74c28be782bb48724de,MEV Bot: 0x000...4de,Bot,MEV,free
416,0x000000000000f0bc41c73af48f022f8c27b5350e,MEV Bot: 0x000...50e,Bot,MEV,free
417,0x0000000000cbba74c365869ae50225f5596ad59c,MEV Bot: 0x000...59c,Bot,MEV,free
418,0x00000000b7ca7e12dcc72290d1fe47b2ef14c607,MEV Bot: 0x000...607,Bot,MEV,free
419,0x00000000726422a6fecb4759b44d47e48cf746aa,MEV Bot: 0x000...6aa,Bot,MEV,free
420,0x000000dce08f643423c0bec02b0799e37f076781,MEV Bot: 0x000...781,Bot,MEV,free
421,0x00000000000080c886232e9b7ebbfb942b5987aa,MEV Bot: 0x000...7AA,Bot,MEV,free
422,0x00000000000062f06c7007906b2a4034fa5c4818,MEV Bot: 0x000...818,Bot,MEV,free
423,0x000000005736775feb0c8568e7dee77222a26880,MEV Bot: 0x000...880,Bot,MEV,free
424,0x00000000c2cf7648c169b25ef1c217864bfa38cc,MEV Bot: 0x000...8cC,Bot,MEV,free
425,0x0000000000d9455cc7eb92d06e00582a982f68fe,MEV Bot: 0x000...8fe,Bot,MEV,free
426,0x00000000002d383933aa1609f11d0afa4d5ea90a,MEV Bot: 0x000...90A,Bot,MEV,free
427,0x000000000035b5e5ad9019092c665357240f594e,MEV Bot: 0x000...94e,Bot,MEV,free
428,0x00000000116579a5ba59e2f22e77ede26809b970,MEV Bot: 0x000...970,Bot,MEV,free
429,0x0000000099cb7fc48a935bceb9f05bbae54e8987,MEV Bot: 0x000...987,Bot,MEV,free
430,0x00000000005b84b558de194b242f92b11f1469ca,MEV Bot: 0x000...9CA,Bot,MEV,free
431,0x0000000089341e263b85d84a0eea39f47c37a9d2,MEV Bot: 0x000...9d2,Bot,MEV,free
432,0x00000000000f45b418291a68f2646d0b1a303a1c,MEV Bot: 0x000...A1C,Bot,MEV,free
433,0x00000000003b3cc22af3ae1eac0440bcee416b40,MEV Bot: 0x000...B40,Bot,MEV,free
434,0x00000000500e2fece27a7600435d0c48d64e0c00,MEV Bot: 0x000...C00,Bot,MEV,free
435,0x0000000000e4cc48a5427ca0b9ed03b5bc501c97,MEV Bot: 0x000...C97,Bot,MEV,free
436,0x0000000dc0cc877153e7e93870ad2a3382e99ca0,MEV Bot: 0x000...ca0,Bot,MEV,free
437,0x000000000042c71e9b847fb1533270360a7b2cbf,MEV Bot: 0x000...Cbf,Bot,MEV,free
438,0x0000000765306855601b70d930ac579b23a18d44,MEV Bot: 0x000...D44,Bot,MEV,free
439,0x0000000000005117dd3a72e64a705198753fdd54,MEV Bot: 0x000...d54,Bot,MEV,free
440,0x000000a60073b3ab5258ec72f46c002ad912ed76,MEV Bot: 0x000...d76,Bot,MEV,free
441,0x000000090629d24e9ebbd5bb2a714f21ecd6ed9a,MEV Bot: 0x000...d9a,Bot,MEV,free
442,0x00000000009c7f96284472465e1b5c44e8cfcda1,MEV Bot: 0x000...DA1,Bot,MEV,free
443,0x00000000000e1d0dabf7b7c7b68866fc940d0db8,MEV Bot: 0x000...Db8,Bot,MEV,free
444,0x0000000000590b74eb97457bf7b3ff6d63c6fde2,MEV Bot: 0x000...de2,Bot,MEV,free
445,0x00000000032962b51589768828ad878876299e14,MEV Bot: 0x000...e14,Bot,MEV,free
446,0x00000000008c4fb1c916e0c88fd4cc402d935e7d,MEV Bot: 0x000...e7D,Bot,MEV,free
447,0x000000000000006f6502b7f2bbac8c30a3f67e9a,MEV Bot: 0x000...E9a,Bot,MEV,free
448,0x0000000000000eb4ec62758aae93400b3e5f7f18,MEV Bot: 0x000...f18,Bot,MEV,free
449,0x0000000000007f150bd6f54c40a34d7c3d5e9f56,MEV Bot: 0x000...f56,Bot,MEV,free
450,0x000000000755567f4924bf483bdf5a53ebc8ef64,MEV Bot: 0x000...f64,Bot,MEV,free
451,0x0000000000a18ba8ff557c143927bd3b2593bf7a,MEV Bot: 0x000...F7A,Bot,MEV,free
452,0x0000000000126f0ba49fbb414edc7041d1166ff4,MEV Bot: 0x000...FF4,Bot,MEV,free
453,0x00000081c57cbc967248bea482c417207e84cffb,MEV Bot: 0x000...ffb,Bot,MEV,free
454,0x0000e0ca771e21bd00057f54a68c30d400000000,MEV Bot: 0x0000E0C...000,Bot,MEV,free
455,0x0055ae46f700bcc53b1b00483d64000d47007200,MEV Bot: 0x005...200,Bot,MEV,free
456,0x00f3f73f07d9e9e797b82b00536e010018000000,MEV Bot: 0x00f3f...000,Bot,MEV,free
457,0x018d5c4783f5317815f6e8168942a12adde3cd3c,MEV Bot: 0x018...D3C,Bot,MEV,free
458,0x01a1527a5127f721a4c9ff955c93f6faef2f6deb,MEV Bot: 0x01a...deb,Bot,MEV,free
459,0x01ba6660c1bf555cc1455a961dc8b4e5a95b0159,MEV Bot: 0x01b...159,Bot,MEV,free
460,0x030d1cad9f917cab7356b6a266f8ea0b31093ae1,MEV Bot: 0x030...AE1,Bot,MEV,free
461,0x04eb85ad427e7e6b3ffb67e049872210fd3fbae9,MEV Bot: 0x04e...aE9,Bot,MEV,free
462,0x05e31b564e800d7da3389b1fb37835fc4bdb6fbf,MEV Bot: 0x05e...FBf,Bot,MEV,free
463,0x07197a25bf7297c2c41dd09a79160d05b6232bcf,MEV Bot: 0x071...BcF,Bot,MEV,free
464,0x098fdb32ace942edc1355c0a78af2332b1ec6fef,MEV Bot: 0x098...Fef,Bot,MEV,free
465,0x0a482d6499a3ea0d01bc60e42e6f1774ca7faf60,MEV Bot: 0x0A4...f60,Bot,MEV,free
466,0x0bd30c34e4524df28d368d00c2feb534696d0bb7,MEV Bot: 0x0bd...bb7,Bot,MEV,free
467,0x0c3de458b51a11da7d4616f42f66c861e3859d3e,MEV Bot: 0x0c3...D3E,Bot,MEV,free
468,0x0eae044f00b0af300500f090ea00027097d03000,MEV Bot: 0x0ea...000,Bot,MEV,free
469,0x0ef8b4525c69bfa7bdece3ab09f95bbf0944b783,MEV Bot: 0x0ef...783,Bot,MEV,free
470,0x1316abcc2ab4ce7e937cd27707c54f6f6688a91b,MEV Bot: 0x131...91b,Bot,MEV,free
471,0x195acb4ef662cbae48db6a26c88b603c65090803,MEV Bot: 0x195...803,Bot,MEV,free
472,0x1bea639199d4d37f4307b0e4441f4479bd9970e9,MEV Bot: 0x1Be...0E9,Bot,MEV,free
473,0x1d6e8bac6ea3730825bde4b005ed7b2b39a2932d,MEV Bot: 0x1d6...32d,Bot,MEV,free
474,0x1ebadd3e0bb6d4e9edb574c5f0b0edc23c815d95,MEV Bot: 0x1Eb...D95,Bot,MEV,free
475,0x2242a7461c7bbd9202a97e967a0fbb8336ac863d,MEV Bot: 0x224...63d,Bot,MEV,free
476,0x294e453c3f5758e562aa13c76ec376c70c0bdbad,MEV Bot: 0x294...bAD,Bot,MEV,free
477,0x2ad9142941514c9550fd5d1b20baf9cb93a86847,MEV Bot: 0x2AD...847,Bot,MEV,free
478,0x2d0f3b2abe9d61a21812023bb28cd2da7c3f30b9,MEV Bot: 0x2d0...0b9,Bot,MEV,free
479,0x2f1d79860cf6ea3f4b3b734153b52815773c0638,MEV Bot: 0x2f1...638,Bot,MEV,free
480,0x33f4c006e6541cbaa3179b0978143e3ac3d70220,MEV Bot: 0x33F...220,Bot,MEV,free
481,0x3445c9ee4d17ba579061beec736f81b6d96754cd,MEV Bot: 0x344...4cD,Bot,MEV,free
482,0x35137b4c325c115a704cd23d5f2faf8777370d06,MEV Bot: 0x351...d06,Bot,MEV,free
483,0x3700006fbcde59a8b3af2c134d00e9530000e379,MEV Bot: 0x370...379,Bot,MEV,free
484,0x3773e380e06c6ec156116f77021862c45c6022bb,MEV Bot: 0x377...2bb,Bot,MEV,free
485,0x39dbb8f23001445e43c269f1246809091be7da60,MEV Bot: 0x39d...A60,Bot,MEV,free
486,0x39ee28ec61a63147fc822b9e40757be530eefa65,MEV Bot: 0x39e...a65,Bot,MEV,free
487,0x3af4ea5614f21e23b2398a62e1e20fe3d8b2fb7f,MEV Bot: 0x3AF...B7F,Bot,MEV,free
488,0x3b654e30633d44b05847aaf65cf1ad0c92bed248,MEV Bot: 0x3B6...248,Bot,MEV,free
489,0x4024fe8187f0f31e72914a7d5014b29a88f07747,MEV Bot: 0x402...747,Bot,MEV,free
490,0x4083d4ef32631ed3394cc1b11efb03ceebcd2f6c,MEV Bot: 0x408...F6C,Bot,MEV,free
491,0x40e645bc65035286de2009d717365d9640cc2b09,MEV Bot: 0x40E...b09,Bot,MEV,free
492,0x42b2c65db7f9e3b6c26bc6151ccf30cce0fb99ea,MEV Bot: 0x42B...9EA,Bot,MEV,free
493,0x43f2dfc9f99eba7a52fdffe7f3ea2182324e8896,MEV Bot: 0x43F...896,Bot,MEV,free
494,0x44ccdcd59984848a749e9f999b08f2b68153e123,MEV Bot: 0x44c...123,Bot,MEV,free
495,0x456804481f237bbb1b0baf5bd606d481ad672048,MEV Bot: 0x456...048,Bot,MEV,free
496,0x45716d9eddbc332df1d42b9f540fbebed671b20f,MEV Bot: 0x457...20F,Bot,MEV,free
497,0x467c197bf259fe46232c142acda389fc0795c7f4,MEV Bot: 0x467...7f4,Bot,MEV,free
498,0x46aa587c29aef0c5ca51e8e5716dc1be822d6f46,MEV Bot: 0x46a...F46,Bot,MEV,free
499,0x46c4128981525aa446e02ffb2ff762f1d6a49170,MEV Bot: 0x46C...170,Bot,MEV,free
500,0x49307d775728daf1d4736ab762de0cefd035e323,MEV Bot: 0x493...323,Bot,MEV,free
501,0x498e84899558545a0f6d4036bdb3a3842cf9b6d0,MEV Bot: 0x498...6D0,Bot,MEV,free
502,0x499dd900f800fd0a2ed300006000a57f00fa009b,MEV Bot: 0x499...09b,Bot,MEV,free
503,0x4a137fd5e7a256ef08a7de531a17d0be0cc7b6b6,MEV Bot: 0x4a1...6b6,Bot,MEV,free
504,0x4a47615f0b239063992dddbee6844033c172f2b6,MEV Bot: 0x4A4...2B6,Bot,MEV,free
505,0x4cadecc51feb5c1f6d9a902ecc817a1b8c2246f9,MEV Bot: 0x4ca…6F9,Bot,MEV,free
506,0x4cb18386e5d1f34dc6eea834bf3534a970a3f8e7,MEV Bot: 0x4Cb...8e7,Bot,MEV,free
507,0x4d246be90c2f36730bb853ad41d0a189061192d3,MEV Bot: 0x4d2...2d3,Bot,MEV,free
508,0x4d638adb8c07a78655e9ae88641c4202774e6584,MEV Bot: 0x4d6...584,Bot,MEV,free
509,0x4fce027bc57d7530b84527f4848983cece4df15e,MEV Bot: 0x4Fc...15e,Bot,MEV,free
510,0x507888e987257a8dde6f8afa46375cefe2cbf504,MEV Bot: 0x507...504,Bot,MEV,free
511,0x51399b32cd0186bb32230e24167489f3b2f47870,MEV Bot: 0x513...870,Bot,MEV,free
512,0x5492a302991751fd6b5c051d85be48acc9fec4d3,MEV Bot: 0x549...4D3,Bot,MEV,free
513,0x553eea17185e5ae6bb72f9528a4c3fc1a844b859,MEV Bot: 0x553...859,Bot,MEV,free
514,0x55eb58655f8202ff839487886fedba2a1eb7b2d7,MEV Bot: 0x55e...2d7,Bot,MEV,free
515,0x563bdabaa8846ec445b25bfbed88d160890a02ed,MEV Bot: 0x563...2ed,Bot,MEV,free
516,0x57c1e0c2adf6eecdb135bcf9ec5f23b319be2c94,MEV Bot: 0x57C...c94,Bot,MEV,free
517,0x5aa3393e361c2eb342408559309b3e873cd876d6,MEV Bot: 0x5AA...6d6,Bot,MEV,free
518,0x5cacdfb236e4bfdd5f9ed992a998cc99aed5b4d9,MEV Bot: 0x5ca...4d9,Bot,MEV,free
519,0x5e767aa6204ece873c7d9405c4bca49cd3e0bf39,MEV Bot: 0x5E7...F39,Bot,MEV,free
520,0x5f05a1e43e738efcd5227e65660a874050dda64c,MEV Bot: 0x5F0...64C,Bot,MEV,free
521,0x60a1d9d5f6346aae41a18b08dcd0be48a74a3021,MEV Bot: 0x60a...021,Bot,MEV,free
522,0x634ccb596def40fad8dde810a8f98d286a2a5b27,MEV Bot: 0x634...b27,Bot,MEV,free
523,0x66f049111958809841bbe4b81c034da2d953aa0c,MEV Bot: 0x66f...A0c,Bot,MEV,free
524,0x689209519e78947d52b862748e059fad1238d689,MEV Bot: 0x689...689,Bot,MEV,free
525,0x696713eaba8d603bab45e2c5820ef4c175c7a5e8,MEV Bot: 0x696...5e8,Bot,MEV,free
526,0x6af1a16fde7346e7729fa921ad2ddf6a462061e2,MEV Bot: 0x6aF...1e2,Bot,MEV,free
527,0x6b58007b960016b2f559dbfd809ac4dcb1febdfe,MEV Bot: 0x6B5...Dfe,Bot,MEV,free
528,0x6d660980b00c3405c2dec173cf2259b15572b9b5,MEV Bot: 0x6d6...9B5,Bot,MEV,free
529,0x6ed51e4acca56d74076cdeb58337225b8aaf4abc,MEV Bot: 0x6ED...ABC,Bot,MEV,free
530,0x6ee33c4a192118ea664612aec6f7b6e4aef78b87,MEV Bot: 0x6eE...b87,Bot,MEV,free
531,0x70d772361eb567eb45da56e147e5224e2abedeba,MEV Bot: 0x70d...EbA,Bot,MEV,free
532,0x72bd67d7406d0c490b0ad0b8968f4beccdd494db,MEV Bot: 0x72b...4dB,Bot,MEV,free
533,0x731ea79a1b2b90683507da2aab498bd8ff8f7ff1,MEV Bot: 0x731...ff1,Bot,MEV,free
534,0x73f78d23370386cbcecd24ab3fa5da63be80f0e8,MEV Bot: 0x73F...0e8,Bot,MEV,free
535,0x7436a14a8dbf6eba14f114cb71a3b6d4527b222a,MEV Bot: 0x743...22a,Bot,MEV,free
536,0x74d8353a2ce55b41828075f406b0e42001bcd00b,MEV Bot: 0x74D...00b,Bot,MEV,free
537,0x761d80987a36fc271875ea4de17539e8c82ae51d,MEV Bot: 0x761...51D,Bot,MEV,free
538,0x7719494eb8f3ca261f5c806d754853dc5ce2edf7,MEV Bot: 0x771...Df7,Bot,MEV,free
539,0x7777777580290cede6e2121b846023fa1a1e4978,MEV Bot: 0x777...978,Bot,MEV,free
540,0x77b285fbdb277e53ed29c9dda7c0aa6f2591b09d,MEV Bot: 0x77b...09d,Bot,MEV,free
541,0x793ff66b5435a6de9d6d7e70c4c68522e8cd24e1,MEV Bot: 0x793...4E1,Bot,MEV,free
542,0x79dd6397b1ce40d6ac14f361ff9f9836d0cff6e1,MEV Bot: 0x79D...6e1,Bot,MEV,free
543,0x7c2347f23e11310e976532ff606688a57a77a535,MEV Bot: 0x7c2...535,Bot,MEV,free
544,0x7cf09d7a9a74f746edcb06949b9d64bcd9d1604f,MEV Bot: 0x7Cf...04f,Bot,MEV,free
545,0x7e00009e6d00258407c50094680080f5830a00d9,MEV Bot: 0x7e0...0d9,Bot,MEV,free
546,0x7f9a1c279e8bdbb326e453aebb3abba140458362,MEV Bot: 0x7F9...362,Bot,MEV,free
547,0x8032eaede5c55f744387ca53aaf0499abcd783e5,MEV Bot: 0x803...3e5,Bot,MEV,free
548,0x80d4230c0a68fc59cb264329d3a717fcaa472a13,MEV Bot: 0x80d...a13,Bot,MEV,free
549,0x811213d2d0e26ecf65714074cef59119dd7f36d9,MEV Bot: 0x811...6D9,Bot,MEV,free
550,0x81153f0889ab398c4acb42cb58b565a5392bba95,MEV Bot: 0x811...a95,Bot,MEV,free
551,0x815b2ad3c669df996fc55a9472ad251312476898,MEV Bot: 0x815...898,Bot,MEV,free
552,0x828a2d99bb1a31ca0eba80f3e01db8dae652a1e3,MEV Bot: 0x828...1E3,Bot,MEV,free
553,0x83d159b6e661f7f7e56ee3cd35d8b45f73187967,MEV Bot: 0x83D...967,Bot,MEV,free
554,0x842b9aa0e8e6eb77f16782bd27cb02a97002c4fc,MEV Bot: 0x842...4Fc,Bot,MEV,free
555,0x8472ee188899569cf6ef42bb2038facae66972d2,MEV Bot: 0x847...2d2,Bot,MEV,free
556,0x84783f7e102ac1e28abe254c7c27d4c01891ca2e,MEV Bot: 0x847...a2E,Bot,MEV,free
557,0x85db6b36e3d7704d7f747430124af1af33c35ee1,MEV Bot: 0x85d...eE1,Bot,MEV,free
558,0x85e5c6cffd260a7f153b1f34b36f6dbeba3e279e,MEV Bot: 0x85e...79e,Bot,MEV,free
559,0x860bd2dba9cd475a61e6d1b45e16c365f6d78f66,MEV Bot: 0x860...F66,Bot,MEV,free
560,0x8698d9d5ea99809c00426484a80be2add4e54581,MEV Bot: 0x869...581,Bot,MEV,free
561,0x8788a7cfd63cf06d0d7716c6a66f54b58248c896,MEV Bot: 0x878...896,Bot,MEV,free
562,0x87d9da48db6e1f925cb67d3b7d2a292846c24cf7,MEV Bot: 0x87d...cf7,Bot,MEV,free
563,0x8a9bc155740b096575bfe1ee80f5783eefbbf1d2,MEV Bot: 0x8a9...1d2,Bot,MEV,free
564,0x8aff5ca996f77487a4f04f1ce905bf3d27455580,MEV Bot: 0x8aF...580,Bot,MEV,free
565,0x8b3400cf2dd7aa70f26b8a28b70c1d707e7945ff,MEV Bot: 0x8b3...5FF,Bot,MEV,free
566,0x8b46e02e2ce66c041ddebeed9734a8deebf1a3ab,MEV Bot: 0x8b4...3Ab,Bot,MEV,free
567,0x8c3635482f23bd108cfd941736fd15fbd59d53bc,MEV Bot: 0x8C3...3BC,Bot,MEV,free
568,0x8e60b2b96ea901beb2cafd79b8d0ed249a5efd95,MEV Bot: 0x8e6...d95,Bot,MEV,free
569,0x8f44e22ac221cc25a46289d1c307d4f34a4dd6c2,MEV Bot: 0x8f4...6c2,Bot,MEV,free
570,0x91000060399502550000007bbfba0052f47b008a,MEV Bot: 0x910...08a,Bot,MEV,free
571,0x911605012f87a3017322c81fcb4c90ada7c09116,MEV Bot: 0x911...116,Bot,MEV,free
572,0x98c3d3183c4b8a650614ad179a1a98be0a8d6b8e,MEV Bot: 0x98c...b8e,Bot,MEV,free
573,0x99999999d116ffa7d76590de2f427d8e15aeb0b8,MEV Bot: 0x999...0b8,Bot,MEV,free
574,0x9a0ef593dcc6a77f80699c9fa00d1e138b67d832,MEV Bot: 0x9A0...832,Bot,MEV,free
575,0x9aa954706326d900fd55e0928a92e3b93ad34dc9,MEV Bot: 0x9aa...Dc9,Bot,MEV,free
576,0x9be4dd4724d9f13cc05ce25416d9f9bfccd443e0,MEV Bot: 0x9Be...3e0,Bot,MEV,free
577,0x9e244643b91ecc1498718cb4f5d22d14a9b121a1,MEV Bot: 0x9e2...1a1,Bot,MEV,free
578,0x9e9346e082d445f08fab1758984a31648c89241a,MEV Bot: 0x9E9...41A,Bot,MEV,free
579,0xa1ba2e31d3b58c44293e54a90aaa817b14304e07,MEV Bot: 0xA1B...E07,Bot,MEV,free
580,0xa57bd00134b2850b2a1c55860c9e9ea100fdd6cf,MEV Bot: 0xa57...6CF,Bot,MEV,free
581,0xa69babef1ca67a37ffaf7a485dfff3382056e78c,MEV Bot: 0xA69...78C,Bot,MEV,free
582,0xa75af537fb853bb432f6a51d47d70e349fffc6ba,MEV Bot: 0xA75...6Ba,Bot,MEV,free
583,0xac9df97f9cd7a5f66913d107cddd00f40ac9ab4c,MEV Bot: 0xac9...b4c,Bot,MEV,free
584,0xacd4ec996aad815efe72a11944188c6db6c30176,MEV Bot: 0xAcD...176,Bot,MEV,free
585,0xaf9642bc3b0daf66a8930d17b99865944df4d60b,MEV Bot: 0xAf9...60b,Bot,MEV,free
586,0xb3fcd22ffd34d75c979d49e2e5fb3a3405644831,MEV Bot: 0xB3f...831,Bot,MEV,free
587,0xb4247d5978060387c0fe91d13a90d5711f65b7ce,MEV Bot: 0xb42...7CE,Bot,MEV,free
588,0xb4990d3044641456a2509ed0bd709f1176a6a7af,MEV Bot: 0xb49...7af,Bot,MEV,free
589,0xb5c7ad3cb6506c65da01f2fac2e667dcb9e66e9c,MEV Bot: 0xB5c...e9c,Bot,MEV,free
590,0xb807aca3615bb8c93d32d7fb418e69370e1a7c86,MEV Bot: 0xb80...c86,Bot,MEV,free
591,0xb91d9b045f8a64bca4c69625b00001109932be34,MEV Bot: 0xb91...e34,Bot,MEV,free
592,0xba71b56fd0b590ed2a6992ed57a34c1391940513,MEV Bot: 0xBA7...513,Bot,MEV,free
593,0xbadc0defafcf6d4239bdf0b66da4d7bd36fcf05a,MEV Bot: 0xbaD…05A,Bot,MEV,free
594,0xbb5acd74d889da9102d97d5a14de49e6ce710851,MEV Bot: 0xbB5...851,Bot,MEV,free
595,0xbe69dde0a051e72e18871be52cf506e419058f11,MEV Bot: 0xBE6...f11,Bot,MEV,free
596,0xbeefbabeea323f07c59926295205d3b7a17e8638,MEV Bot: 0xBEE...638,Bot,MEV,free
597,0xbf971824421fa3778cb638bdeb79b8d5223e0fe6,MEV Bot: 0xbF9...fE6,Bot,MEV,free
598,0xbfef411d9ae30c5b471d529c838f1abb7b65d67f,MEV Bot: 0xbfe...67f,Bot,MEV,free
599,0xc1374db508b7a3e0cdf061c8d8c1f7a260f231cd,MEV Bot: 0xc13...1cD,Bot,MEV,free
600,0xc21b472e150669a9e20a1233cad67eced2851ec5,MEV Bot: 0xc21...ec5,Bot,MEV,free
601,0xc2a54f74ebbbba5ed92d6a0b5dcb0b0ffb96f36e,MEV Bot: 0xc2A...36e,Bot,MEV,free
602,0xc358848e138ab73bd5b9ffcced25517f71101fb0,MEV Bot: 0xc35...fb0,Bot,MEV,free
603,0xc4595e3966e0ce6e3c46854647611940a09448d3,MEV Bot: 0xc459...8d3,Bot,MEV,free
604,0xc5ecee6d94f72b6c456e3032f383284cca36b70a,MEV Bot: 0xC5E...70a,Bot,MEV,free
605,0xc8046263d5b5544f6413a98b4693488499195a46,MEV Bot: 0xC80...A46,Bot,MEV,free
606,0xc83d02d366b882202828f47a1c6fecb8fee1192e,MEV Bot: 0xc83...92e,Bot,MEV,free
607,0xc90bffb8955e2d69780de7a43a11cf113d5e476d,MEV Bot: 0xc90...76d,Bot,MEV,free
608,0xcadf4ffa3c2fc4784ba064928f403aee7b02d80e,MEV Bot: 0xCaD...80e,Bot,MEV,free
609,0xcb3a0940df2781ed8c0d07c536f7cc39ed4d933b,MEV Bot: 0xcb3...33b,Bot,MEV,free
610,0xcbd75d63f98c5ff5d7157edf06abef8a8325c24d,MEV Bot: 0xCbD...24d,Bot,MEV,free
611,0xcd9e13b2f3bfc26cd99989fb849a2751932595c4,MEV Bot: 0xCD9...5C4,Bot,MEV,free
612,0xcf99a481076186a44070c3158cf75c8cf00f84fc,MEV Bot: 0xCF9...4FC,Bot,MEV,free
613,0xd234ca832efbd43819dcc96e25d0586d4e5d976f,MEV Bot: 0xd23...76F,Bot,MEV,free
614,0xd241ed81b52a1b67098072b73f22fda9d253e827,MEV Bot: 0xD24...827,Bot,MEV,free
615,0xd434cea7207d2e330dd1129d777191dee6b7c37d,MEV Bot: 0xD43...37D,Bot,MEV,free
616,0xd59e5b41482ee6283c22e1a6a20756da512ffa97,MEV Bot: 0xd59...a97,Bot,MEV,free
617,0xd89a0a4f088d9e47710e14257d4c5a7f9fd63c6d,MEV Bot: 0xd89...c6d,Bot,MEV,free
618,0xd8c07491caa1edf960db3ceff387426d53942ea0,MEV Bot: 0xd8c...ea0,Bot,MEV,free
619,0xd911560979b78821d7b045c79e36e9cbfc2f6c6f,MEV Bot: 0xD91...C6F,Bot,MEV,free
620,0xdd28d64e40e00af54a0b5147539a515c4a0bc1c5,MEV Bot: 0xDD2...1c5,Bot,MEV,free
621,0xdd4d3ed43e53185f4dbc467151ab2cb3142def52,MEV Bot: 0xDd4...f52,Bot,MEV,free
622,0xdfee68a9adb981cd08699891a11cabe10f25ec44,MEV Bot: 0xDFe...c44,Bot,MEV,free
623,0xdff523be6002e59a4a2242d99afccb502d4ed020,MEV Bot: 0xDfF...020,Bot,MEV,free
624,0xe06ffa8146bbdeccbaaf72b6043b29091071aeb8,MEV Bot: 0xE06...EB8,Bot,MEV,free
625,0xe07025d4ce7881b7f50d4d6b954e43590dcb1092,MEV Bot: 0xe07...092,Bot,MEV,free
626,0xe0a9efe32985cc306255b395a1bd06d21ccead42,MEV Bot: 0xe0a...d42,Bot,MEV,free
627,0xe1f08d771fb7b248b3266b7f79a9eafba3147c2d,MEV Bot: 0xe1f...c2D,Bot,MEV,free
628,0xe35f24470730f5a488da9721548c1ab0b65b53d5,MEV Bot: 0xe35...3d5,Bot,MEV,free
629,0xe37b5e4de6c4c6e3a1b5d914722a7daaf37590d0,MEV Bot: 0xE37...0d0,Bot,MEV,free
630,0xe8c060f8052e07423f71d445277c61ac5138a2e5,MEV Bot: 0xE8c...2e5,Bot,MEV,free
631,0xe9137b423713667f6c3ac6565b81aa005640212c,MEV Bot: 0xe91...12C,Bot,MEV,free
632,0xede2fafba9e23418485f49f052d0e1d332853e0f,MEV Bot: 0xEdE...E0F,Bot,MEV,free
633,0xeef86c2e49e11345f1a693675df9a38f7d880c8f,MEV Bot: 0xeef...c8f,Bot,MEV,free
634,0xef1de056b83032d6d19796ef85e7e60d72281968,MEV Bot: 0xef1...968,Bot,MEV,free
635,0xef6e90098e54aa0cbb26c5cc68e040a59fad8758,MEV Bot: 0xef6...758,Bot,MEV,free
636,0xf1243ea5b8b1ec27ee03c1c158a86470726e2905,MEV Bot: 0xf12...905,Bot,MEV,free
637,0xf17131e60edb07d73f812058d50992639987665b,MEV Bot: 0xF17...65B,Bot,MEV,free
638,0xf2a0aaecaeef1a00d1eb6178fb30de5695519abf,MEV Bot: 0xF2a...aBF,Bot,MEV,free
639,0xf3b2d1395cb4536a931b2fa53dc7687e4c6f5411,MEV Bot: 0xf3B...411,Bot,MEV,free
640,0xf6d78d9c50ffbc2917e374fd185b8ff89c55effc,MEV Bot: 0xf6d...FFC,Bot,MEV,free
641,0xf71530c1f043703085b42608ff9dcccc43210a8e,MEV Bot: 0xF71...a8E,Bot,MEV,free
642,0xf7c517e7e545d8f3286d336372b65995b81b91c2,MEV Bot: 0xf7c...1c2,Bot,MEV,free
643,0xfbf6b914a5c1355db7a6aa63df81f24aca987358,MEV Bot: 0xFbf...358,Bot,MEV,free
644,0xff2fbc735d33ae830f056107f1b551783ec4ed5b,MEV Bot: 0xFf2...d5B,Bot,MEV,free
645,0xff62dfadca3b5643d0b283571fe154d886580c0c,MEV Bot: 0xFf6...c0c,Bot,MEV,free